{"cameraMode":{"drawMode":0,"name":"Shaded","section":"Shading Mode"},"sceneLighting":true,"audioPlay":false,"sceneViewState":{"m_AlwaysRefresh":false,"showFog":true,"showSkybox":true,"showFlares":true,"showImageEffects":true,"showParticleSystems":true,"showVisualEffectGraphs":true,"m_FxEnabled":true},"in2DMode":false,"pivot":{"x":544.17138671875,"y":364.6446838378906,"z":-1061.9193115234375},"rotation":{"x":-0.00031085030059330165,"y":0.9996465444564819,"z":-0.01630372926592827,"w":-0.018141763284802438},"size":625.7144165039063,"orthographic":false}