{"cameraMode":{"drawMode":0,"name":"Shaded","section":"Shading Mode"},"sceneLighting":true,"audioPlay":false,"sceneViewState":{"m_AlwaysRefresh":false,"showFog":true,"showSkybox":true,"showFlares":true,"showImageEffects":true,"showParticleSystems":true,"showVisualEffectGraphs":true,"m_FxEnabled":true},"in2DMode":false,"pivot":{"x":202.05795288085938,"y":734.1299438476563,"z":344.64093017578127},"rotation":{"x":-0.003861909732222557,"y":0.9957911968231201,"z":0.07601197808980942,"w":0.04948573186993599},"size":81.39410400390625,"orthographic":false}